{
  "building_id": "215d2f82-2be2-4d5d-bbc7-91d98f89a8c1",
  "footprint_lonlat": [
    [
      -122.39824299999998,
      37.79152080000006
    ],
    [
      -122.39855399999999,
      37.79127610000006
    ],
    [
      -122.39806299999998,
      37.79088640000003
    ],
    [
      -122.39775199999997,
      37.79113110000003
    ],
    [
      -122.39824299999998,
      37.79152080000006
    ]
  ],
  "height_m": 156.0,
  "stories": 38,
  "vacancy_pct": 0.606645019,
  "timestamp": "2025-12-26T11:13:50.504Z"
}